{"mean":{"confidence_interval":{"confidence_level":0.95,"lower_bound":96.85999076572678,"upper_bound":97.13240917051607},"point_estimate":96.99498399132776,"standard_error":0.06967896292190992},"median":{"confidence_interval":{"confidence_level":0.95,"lower_bound":96.77819439332598,"upper_bound":97.20343727364545},"point_estimate":96.92531974604343,"standard_error":0.12680037107104594},"median_abs_dev":{"confidence_interval":{"confidence_level":0.95,"lower_bound":0.5437162252610628,"upper_bound":0.8619168216529978},"point_estimate":0.7474814350527387,"standard_error":0.08401424361312601},"slope":{"confidence_interval":{"confidence_level":0.95,"lower_bound":97.00719124498649,"upper_bound":97.34117072185171},"point_estimate":97.17126681246286,"standard_error":0.08527910171786365},"std_dev":{"confidence_interval":{"confidence_level":0.95,"lower_bound":0.5886199942430023,"upper_bound":0.8088549687690582},"point_estimate":0.701792455186945,"standard_error":0.05648519940735583}}